Dimension,Function,Adam Mean,Adam Std,Hybrid Mean,Hybrid Std,P-Value,Gain (%),All_Adam,All_Hybrid,log_p
10,rastrigin,19.793755311511767,21.330202364834673,2.2823062603758233,28.01797561106927,0.47267559351158717,88.46956413605274,"[16.51040609964152, -1.3986135108858235, 16.510446675967422, 23.475048650616046, 12.530635682127794, 75.21228549666168, 11.535758148114912, 27.45495632643146, 24.47000770770933, -8.36337816126666]","[33.42372674959876, 9.545147418709478, 15.515160593296706, 25.464269111764693, -35.227014172176396, -36.221927615124706, 32.42903376214554, 27.454757741763814, -35.22696855803141, -14.333122428188254]",-0.32543682180728195
10,ackley,8.418536182892078,1.222030921569301,8.611383528717663,0.8455019839640971,0.6775849579524755,-2.2907467713279797,"[8.774507269925028, 8.616267690013489, 9.285002463477799, 10.092246640313501, 8.534796097753965, 5.091860176390259, 8.191700137625443, 8.366835467650144, 8.65640493889727, 8.575740946873871]","[9.485823572138067, 8.7745201115301, 9.001065758668204, 9.41996131376057, 9.45302065603208, 6.626340339818604, 8.534790775799138, 8.616250564336251, 7.667286945902454, 8.534775249191158]",-0.16903624369084858
10,schwefel,3020.326078317173,420.86572712702406,4150.375983747157,9.094947017729282e-13,6.386444750436982e-05,-37.41483125091038,"[3110.5526181412147, 2897.5249459161396, 3315.874549503368, 2060.5651919018646, 2807.2783866318396, 3350.9964740151086, 3456.7703051810504, 3325.9174216881693, 2559.612570949371, 3318.1683192436035]","[4150.375983747156, 4150.375983747156, 4150.375983747156, 4150.375983747156, 4150.375983747156, 4150.375983747156, 4150.375983747156, 4150.375983747156, 4150.375983747156, 4150.375983747156]",-4.194740840582841
10,griewank,0.014774405739588414,0.01456327604834024,0.015516187434234819,0.006329033740765227,0.7336336437678685,-5.020720680843187,"[1.7522272521830473e-10, 0.031998722453335016, 1.4182361918191333e-07, 0.009857284670005018, 0.04183387514161152, 0.024644563811529352, 1.6028667282341758e-10, 3.768073630894264e-10, 0.014772407723303571, 0.024637061060163723]","[0.0320134276570373, 0.014772407722823067, 0.01723611191766905, 0.012320989024621087, 0.014772407722823067, 0.007396040334115117, 0.017236111917661612, 0.0123160725192617, 0.009857284611053174, 0.017241020915283012]",-0.13452076053364584
