Dimension,Function,Adam Mean,Adam Std,Hybrid Mean,Hybrid Std,P-Value,Gain (%),All_Adam,All_Hybrid,log_p
20,rastrigin,-13.792328069122622,24.649831624551553,16.155568737942282,35.256786454156064,0.08198366564857765,217.1344580780505,"[-29.7114248335074, -42.645816689222585, 11.08138388515463, -41.6508576321293, -26.726776702144782, 1.1319613982016037, 1.1318849129402864, -37.67116873769598, 34.960082322172724, -7.822548614995419]","[44.9096983559743, 19.040797582956685, 43.91472413998564, -9.812568631873873, 54.859101199538465, 25.010623372958683, -25.731873197375783, 65.80369200265432, -42.645816689222585, -13.792690756172988]",-1.0862726674374326
20,ackley,8.213124300915279,0.9115416863287681,8.734417119077623,0.7174476252305871,0.18587673236587576,-6.347070846605594,"[7.985275213734056, 7.616059745089434, 7.2095513837707745, 9.992380460195502, 9.518361606725481, 7.2942623335388515, 8.169268042001, 8.191709298303298, 8.832329412209535, 7.322045513584856]","[7.865909676905247, 8.813152819782779, 9.692879837490693, 8.851422695273818, 9.4530201656951, 8.945580298393043, 7.458356433519635, 8.55529873507296, 8.078279475420949, 9.630271053222003]",-0.730774970838869
20,schwefel,6004.447359573684,687.4835505491685,8300.751967494314,1.8189894035458565e-12,6.386444750436982e-05,-38.243396442787464,"[5713.265143210579, 6845.274256704821, 5580.729561333302, 5754.369687271302, 5635.076046592424, 5900.431076106488, 5004.273018098127, 7593.815926705597, 6105.452367730641, 5911.786511983557]","[8300.751967494312, 8300.751967494312, 8300.751967494312, 8300.751967494312, 8300.751967494312, 8300.751967494312, 8300.751967494312, 8300.751967494312, 8300.751967494312, 8300.751967494312]",-4.194740840582841
20,griewank,0.013053228614581936,0.008240554259519832,0.005174521443722846,0.005876103816829894,0.008823785373835881,60.35829755157055,"[0.012316072519288679, 0.014779794539054536, 0.012316108640921919, 0.014772407820483058, 0.009857284607820871, 0.007396058192122745, 0.03446240416945978, 3.106404022901188e-13, 0.012316083115256005, 0.01231607254110112]","[0.0123160725192617, 2.7977620220553945e-14, 0.0, 0.0, 0.007396040334424869, 0.00739604033411545, 0.0, 0.00739604033411545, 0.017241020915283012, 0.0]",-2.054345064041614
