Dimension,Function,Adam Mean,Adam Std,Hybrid Mean,Hybrid Std,P-Value,Gain (%),All_Adam,All_Hybrid,log_p
5,rastrigin,7.48450482785892,11.133190747600162,-13.906978806806162,9.776874866841819,0.0017062493689195964,285.81027234003943,"[-4.156405661310785, 15.742527025584065, 26.68700076711267, 14.74764949157118, 3.803236523082937, 8.777884474609545, 3.8032365230829352, 19.722358216138154, -5.151303945363715, -9.131135135917802]","[-14.105920345746107, -24.05548064432641, -26.045378561798536, 6.788047883503371, -7.141399894177901, -25.050419504705246, -15.100925016984377, -13.111006902797797, -17.090777320311524, -4.156527760717097]",-2.767957496245081
5,ackley,8.556714388854429,1.169233552372588,9.070572266259166,1.0985440403428346,0.25666036991585695,-6.005317625349408,"[8.774536560485451, 9.073912503740146, 8.191688302724877, 8.366846305590036, 8.101224085225839, 9.61447673713393, 10.952916803274237, 6.820103866400327, 8.85140491903388, 6.820033804935564]","[9.2158243841639, 9.353025755415956, 7.717858510494613, 6.820033804935564, 9.001076993290745, 8.366855424160121, 9.485824521018626, 10.520069196270267, 9.8603039607564, 10.364850112085474]",-0.5906411841355261
5,schwefel,1592.6638486317265,414.3969594901917,2075.1879918735785,4.547473508864641e-13,0.017187093921295943,-30.296672060214743,"[1105.1022600328909, 1637.231365434201, 2191.249495486831, 2343.019105885934, 1711.1573767031377, 1611.029723614885, 1156.3739276156782, 1225.940976661456, 1165.9732093652533, 1779.5610455169995]","[2075.187991873578, 2075.187991873578, 2075.187991873578, 2075.187991873578, 2075.187991873578, 2075.187991873578, 2075.187991873578, 2075.187991873578, 2075.187991873578, 2075.187991873578]",-1.7647975497608634
5,griewank,0.013548664642186537,0.0062514711191683685,0.01478174584192432,0.005828426373690724,0.5934897171440483,-9.101126504283448,"[0.009857287115322855, 0.0123160725192617, 0.007396040334115117, 0.0270933960873061, 0.014779776754826446, 0.007396040334115117, 0.022156143668715433, 0.007396040334115117, 0.01477977675482578, 0.0123160725192617]","[0.007396040334115117, 0.014772407722823067, 0.012320988875106798, 0.01477977675482578, 0.024637061060163723, 0.01477977675482589, 0.024637061060163723, 0.007396040334115117, 0.009857284607820982, 0.017241020915283012]",-0.2265868012692638
